customer_id,recency,frequency,monetary,customer_name,segment,r_score,f_score,m_score,rfm_score,rfm_segment
AA-10315,185,5,5563.56,Alex Avila,Consumer,2,2,5,9,Mid-Value
AA-10375,20,9,1056.39,Allen Armold,Consumer,5,5,2,12,High-Value
AA-10480,260,4,1790.5120000000002,Andrew Allen,Consumer,1,1,3,5,Low-Value
AA-10645,56,6,5086.9349999999995,Anna Andreadi,Consumer,3,3,5,11,High-Value
AB-10015,416,3,886.156,Aaron Bergman,Consumer,1,1,1,3,Low-Value
AB-10060,55,8,7755.62,Adam Bellavance,Home Office,3,4,5,12,High-Value
AB-10105,42,10,14473.570999999998,Adrian Barton,Consumer,4,5,5,14,Top Customers
AB-10150,42,5,966.71,Aimee Bixby,Consumer,4,2,2,8,Mid-Value
AB-10165,26,8,1113.838,Alan Barnes,Consumer,5,4,2,11,High-Value
AB-10255,167,9,914.5319999999999,Alejandro Ballentine,Home Office,2,5,1,8,Mid-Value
AB-10600,51,4,1515.862,Ann Blume,Corporate,4,1,2,7,Mid-Value
AC-10420,233,3,925.8,Alyssa Crouse,Corporate,1,1,1,3,Low-Value
AC-10450,12,7,5527.846,Amy Cox,Consumer,5,3,5,13,Top Customers
AC-10615,7,5,2537.6859999999997,Ann Chong,Corporate,5,2,3,10,High-Value
AC-10660,283,5,657.316,Anna Chung,Consumer,1,2,1,4,Low-Value
AD-10180,30,8,6106.88,Alan Dominguez,Home Office,4,4,5,13,Top Customers
AF-10870,42,7,2052.908,Art Ferguson,Consumer,4,3,3,10,High-Value
AF-10885,416,4,861.565,Art Foster,Consumer,1,1,1,3,Low-Value
AG-10270,279,5,2582.898,Alejandro Grove,Consumer,1,2,3,6,Mid-Value
AG-10300,119,4,367.548,Aleksandra Gannaway,Corporate,2,1,1,4,Low-Value
AG-10330,9,5,660.972,Alex Grayson,Consumer,5,2,1,8,Mid-Value
AG-10390,115,5,200.945,Allen Goldenen,Consumer,2,2,1,5,Low-Value
AG-10495,79,8,2356.855,Andrew Gjertsen,Corporate,3,4,3,10,High-Value
AG-10525,846,4,1455.038,Andy Gerbode,Corporate,1,1,2,4,Low-Value
AG-10675,98,7,3489.0396000000005,Anna Gayman,Consumer,3,3,4,10,High-Value
AG-10765,78,4,170.584,Anthony Garverick,Home Office,3,1,1,5,Low-Value
AG-10900,97,10,4510.797,Arthur Gainer,Consumer,3,5,5,13,Top Customers
AH-10030,13,7,1744.7,Aaron Hawkins,Corporate,5,3,3,11,High-Value
AH-10075,35,10,3250.337,Adam Hart,Corporate,4,5,4,13,Top Customers
AH-10120,61,7,1735.5140000000001,Adrian Hane,Home Office,3,3,2,8,Mid-Value
AH-10195,56,4,1587.452,Alan Haines,Corporate,3,1,2,6,Mid-Value
AH-10210,7,9,4805.344,Alan Hwang,Consumer,5,5,5,15,Top Customers
AH-10465,231,5,2495.3916,Amy Hunt,Consumer,1,2,3,6,Mid-Value
AH-10585,22,4,738.504,Angele Hood,Consumer,5,1,1,7,Mid-Value
AH-10690,411,12,7888.294,Anna Häberlin,Corporate,1,5,5,11,High-Value
AI-10855,14,10,4375.786,Arianne Irving,Consumer,5,5,5,15,Top Customers
AJ-10780,76,7,4867.344,Anthony Jacobs,Corporate,3,3,5,11,High-Value
AJ-10795,167,7,4501.391,Anthony Johnson,Corporate,2,3,5,10,High-Value
AJ-10945,86,7,1839.24,Ashley Jarboe,Consumer,3,3,3,9,Mid-Value
AJ-10960,75,3,629.2479999999999,Astrea Jones,Consumer,3,1,1,5,Low-Value
AM-10360,29,5,814.012,Alice McCarthy,Corporate,4,2,1,7,Mid-Value
AM-10705,163,8,5664.022,Anne McFarland,Consumer,2,4,5,11,High-Value
AO-10810,502,1,161.28,Anthony O'Donnell,Corporate,1,1,1,3,Low-Value
AP-10720,42,8,1638.554,Anne Pryor,Home Office,4,4,2,10,High-Value
AP-10915,99,10,3323.556,Arthur Prichep,Consumer,3,5,4,12,High-Value
AR-10345,112,4,1055.694,Alex Russell,Corporate,2,1,2,5,Low-Value
AR-10405,126,5,2236.128,Allen Rosenblatt,Corporate,2,2,3,7,Mid-Value
AR-10510,15,5,264.86400000000003,Andrew Roberts,Consumer,5,2,1,8,Mid-Value
AR-10540,7,6,6608.448,Andy Reiter,Consumer,5,3,5,13,Top Customers
AR-10570,535,1,88.15,Anemone Ratner,Consumer,1,1,1,3,Low-Value
AR-10825,59,8,4523.336,Anthony Rawles,Corporate,3,4,5,12,High-Value
AS-10045,89,7,3050.692,Aaron Smayling,Corporate,3,3,4,10,High-Value
AS-10090,29,9,3255.31,Adam Shillingsburg,Consumer,4,5,4,13,Top Customers
AS-10135,42,2,58.82,Adrian Shami,Home Office,4,1,1,6,Mid-Value
AS-10225,23,5,4260.784,Alan Schoenberger,Corporate,5,2,4,11,High-Value
AS-10240,193,7,584.6080000000001,Alan Shonely,Consumer,2,3,1,6,Mid-Value
AS-10285,20,6,3214.236,Alejandro Savely,Corporate,5,3,4,12,High-Value
AS-10630,93,7,833.398,Ann Steele,Home Office,3,3,1,7,Mid-Value
AT-10435,22,6,1171.814,Alyssa Tate,Home Office,5,3,2,10,High-Value
AT-10735,14,10,3831.864,Annie Thurman,Consumer,5,5,4,14,Top Customers
AW-10840,21,4,649.376,Anthony Witt,Consumer,5,1,1,7,Mid-Value
AW-10930,47,7,2852.968,Arthur Wiediger,Home Office,4,3,4,11,High-Value
AY-10555,15,4,497.014,Andy Yotov,Corporate,5,1,1,7,Mid-Value
AZ-10750,161,6,1622.0179999999998,Annie Zypern,Consumer,2,3,2,7,Mid-Value
BB-10990,106,5,744.3399999999999,Barry Blumstein,Corporate,2,2,1,5,Low-Value
BB-11545,29,9,6765.728,Brenda Bowman,Corporate,4,5,5,14,Top Customers
BC-11125,203,9,2933.676,Becky Castell,Home Office,2,5,4,11,High-Value
BD-11320,34,12,5718.521,Bill Donatelli,Consumer,4,5,5,14,Top Customers
BD-11500,36,6,4411.2429999999995,Bradley Drucker,Consumer,4,3,5,12,High-Value
BD-11560,279,2,320.54,Brendan Dodson,Home Office,1,1,1,3,Low-Value
BD-11605,98,7,3288.471,Brian Dahlen,Consumer,3,3,4,10,High-Value
BD-11620,70,6,1538.11,Brian DeCherney,Consumer,3,3,2,8,Mid-Value
BD-11635,10,3,582.646,Brian Derr,Consumer,5,1,1,7,Mid-Value
BD-11725,94,6,1526.5,Bruce Degenhardt,Consumer,3,3,2,8,Mid-Value
BD-11770,328,6,658.466,Bryan Davis,Consumer,1,3,1,5,Low-Value
BE-11335,120,5,4204.676,Bill Eplett,Home Office,2,2,4,8,Mid-Value
BE-11410,99,5,2261.438,Bobby Elias,Consumer,3,2,3,8,Mid-Value
BE-11455,255,6,1727.652,Brad Eason,Home Office,1,3,2,6,Mid-Value
BF-10975,92,7,599.798,Barbara Fisher,Corporate,3,3,1,7,Mid-Value
BF-11005,40,4,1333.88,Barry Franz,Home Office,4,1,2,7,Mid-Value
BF-11020,75,8,2888.506,Barry Französisch,Corporate,3,4,4,11,High-Value
BF-11080,26,3,272.95,Bart Folk,Consumer,5,1,1,7,Mid-Value
BF-11170,17,11,5907.972,Ben Ferrer,Home Office,5,5,5,15,Top Customers
BF-11215,66,4,1585.162,Benjamin Farhat,Home Office,3,1,2,6,Mid-Value
BF-11275,58,3,791.9899999999999,Beth Fritzler,Corporate,3,1,1,5,Low-Value
BG-11035,29,8,2798.948,Barry Gonzalez,Consumer,4,4,4,12,High-Value
BG-11695,37,6,1874.172,Brooke Gillingham,Corporate,4,3,3,10,High-Value
BG-11740,58,6,1006.356,Bruce Geld,Consumer,3,3,2,8,Mid-Value
BH-11710,24,8,6255.351,Brosina Hoffman,Consumer,5,4,5,14,Top Customers
BK-11260,78,6,659.1379999999999,Berenike Kampe,Consumer,3,3,1,7,Mid-Value
BM-11140,308,4,11789.63,Becky Martin,Consumer,1,1,5,7,Mid-Value
BM-11575,101,6,808.162,Brendan Murry,Corporate,3,3,1,7,Mid-Value
BM-11650,34,11,7294.185,Brian Moss,Corporate,4,5,5,14,Top Customers
BM-11785,219,10,1338.842,Bryan Mills,Consumer,2,5,2,9,Mid-Value
BN-11470,25,4,265.296,Brad Norvell,Corporate,5,1,1,7,Mid-Value
BN-11515,10,5,1459.344,Bradley Nguyen,Consumer,5,2,2,9,Mid-Value
BO-11350,138,5,2682.728,Bill Overfelt,Corporate,2,2,3,7,Mid-Value
BO-11425,76,2,130.83,Bobby Odegard,Consumer,3,1,1,5,Low-Value
BP-11050,84,5,983.42,Barry Pond,Corporate,3,2,2,7,Mid-Value
BP-11095,18,12,2442.044,Bart Pistole,Corporate,5,5,3,13,Top Customers
BP-11155,90,6,1697.8609999999999,Becky Pak,Consumer,3,3,2,8,Mid-Value
BP-11185,2,9,3675.861,Ben Peterman,Corporate,5,5,4,14,Top Customers
BP-11230,40,5,1181.49,Benjamin Patterson,Consumer,4,2,2,8,Mid-Value
BP-11290,13,7,2475.157,Beth Paige,Consumer,5,3,3,11,High-Value
BS-11365,559,5,10501.653,Bill Shonely,Corporate,1,2,5,8,Mid-Value
BS-11380,29,5,3887.834,Bill Stewart,Corporate,4,2,4,10,High-Value
BS-11590,36,6,2454.928,Brendan Sweed,Corporate,4,3,3,10,High-Value
BS-11665,583,3,3288.1099999999997,Brian Stugart,Consumer,1,1,4,6,Mid-Value
BS-11755,2,7,2562.382,Bruce Stewart,Consumer,5,3,3,11,High-Value
BS-11800,266,2,949.4300000000001,Bryan Spruell,Home Office,1,1,1,3,Low-Value
BT-11305,337,5,2567.656,Beth Thompson,Home Office,1,2,3,6,Mid-Value
BT-11395,303,6,2186.6130000000003,Bill Tyler,Corporate,1,3,3,7,Mid-Value
BT-11440,561,4,603.876,Bobby Trafton,Consumer,1,1,1,3,Low-Value
BT-11485,660,2,415.19599999999997,Brad Thomas,Home Office,1,1,1,3,Low-Value
BT-11530,92,5,2684.4919999999997,Bradley Talbott,Home Office,3,2,3,8,Mid-Value
BT-11680,21,7,3196.752,Brian Thompson,Consumer,5,3,4,12,High-Value
BV-11245,335,5,1523.2730000000001,Benjamin Venier,Corporate,1,2,2,5,Low-Value
BW-11065,213,3,385.516,Barry Weirich,Consumer,2,1,1,4,Low-Value
BW-11110,122,8,4750.358,Bart Watters,Corporate,2,4,5,11,High-Value
BW-11200,204,6,1738.406,Ben Wallace,Consumer,2,3,2,7,Mid-Value
CA-11965,97,6,3789.7228,Carol Adams,Corporate,3,3,4,10,High-Value
CA-12055,402,5,1679.7240000000002,Cathy Armstrong,Home Office,1,2,2,5,Low-Value
CA-12265,57,9,2648.2872,Christina Anderson,Consumer,3,5,3,11,High-Value
CA-12310,14,4,1421.954,Christine Abelman,Corporate,5,1,2,8,Mid-Value
CA-12775,121,7,3041.566,Cynthia Arntzen,Consumer,2,3,4,9,Mid-Value
CB-12025,48,10,6076.139,Cassandra Brandow,Consumer,4,5,5,14,Top Customers
CB-12415,27,8,1949.2,Christy Brittain,Consumer,5,4,3,12,High-Value
CB-12535,198,8,4246.4555,Claudia Bergmann,Corporate,2,4,4,10,High-Value
CC-12100,458,6,1770.945,Chad Cunningham,Home Office,1,3,3,7,Mid-Value
CC-12145,107,7,2471.65,Charles Crestani,Consumer,2,3,3,8,Mid-Value
CC-12220,21,12,3913.418,Chris Cortes,Consumer,5,5,4,14,Top Customers
CC-12370,44,5,12129.072000000002,Christopher Conant,Consumer,4,2,5,11,High-Value
CC-12430,1,10,2870.05,Chuck Clark,Home Office,5,5,4,14,Top Customers
CC-12475,40,9,1659.438,Cindy Chapman,Consumer,4,5,2,11,High-Value
CC-12550,28,3,113.832,Clay Cheatham,Consumer,4,1,1,6,Mid-Value
CC-12610,35,7,2540.631,Corey Catlett,Corporate,4,3,3,10,High-Value
CC-12670,30,7,2269.7015,Craig Carreira,Consumer,4,3,3,10,High-Value
CC-12685,800,4,2854.1150000000002,Craig Carroll,Consumer,1,1,4,6,Mid-Value
CD-11920,41,5,2033.968,Carlos Daly,Consumer,4,2,3,9,Mid-Value
CD-11980,55,3,639.766,Carol Darley,Consumer,3,1,1,5,Low-Value
CD-12280,43,2,1205.584,Christina DeMoss,Consumer,4,1,2,7,Mid-Value
CD-12790,400,5,1860.732,Cynthia Delaney,Home Office,1,2,3,6,Mid-Value
CG-12040,50,6,904.4680000000001,Catherine Glotzbach,Home Office,4,3,1,8,Mid-Value
CG-12520,339,3,1148.7800000000002,Claire Gute,Consumer,1,1,2,4,Low-Value
CH-12070,692,3,1537.236,Cathy Hwang,Home Office,1,1,2,4,Low-Value
CJ-11875,366,1,16.52,Carl Jackson,Corporate,1,1,1,3,Low-Value
CJ-12010,190,8,11164.974,Caroline Jumper,Consumer,2,4,5,11,High-Value
CK-12205,40,13,3154.855,Chloris Kastensmidt,Consumer,4,5,4,13,Top Customers
CK-12325,121,5,2945.321,Christine Kargatis,Home Office,2,2,4,8,Mid-Value
CK-12595,44,11,2372.75,Clytie Kelty,Consumer,4,5,3,12,High-Value
CK-12760,83,9,1582.109,Cyma Kinney,Corporate,3,5,2,10,High-Value
CL-11890,107,4,1262.0140000000001,Carl Ludwig,Consumer,2,1,2,5,Low-Value
CL-12565,285,12,10880.546,Clay Ludtke,Consumer,1,5,5,11,High-Value
CL-12700,106,5,2353.586,Craig Leslie,Home Office,2,2,3,7,Mid-Value
CM-11815,132,6,1673.888,Candace McMahon,Corporate,2,3,2,7,Mid-Value
CM-11935,709,2,565.392,Carlos Meador,Consumer,1,1,1,3,Low-Value
CM-12115,9,4,1661.6100000000001,Chad McGuire,Consumer,5,1,2,8,Mid-Value
CM-12160,27,6,2533.314,Charles McCrossin,Consumer,5,3,3,11,High-Value
CM-12190,9,6,1475.144,Charlotte Melton,Consumer,5,3,2,10,High-Value
CM-12235,386,5,2305.712,Chris McAfee,Consumer,1,2,3,6,Mid-Value
CM-12385,38,4,8954.019999999999,Christopher Martinez,Consumer,4,1,5,10,High-Value
CM-12445,437,3,287.99,Chuck Magee,Consumer,1,1,1,3,Low-Value
CM-12655,28,6,6339.5576,Corinna Mitchell,Home Office,4,3,5,12,High-Value
CM-12715,1036,4,3984.4524,Craig Molinari,Corporate,1,1,4,6,Mid-Value
CP-12085,83,8,5402.254,Cathy Prescott,Corporate,3,4,5,12,High-Value
CP-12340,161,8,5888.275,Christine Phan,Corporate,2,4,5,11,High-Value
CR-12580,58,4,2148.852,Clay Rozendal,Home Office,3,1,3,7,Mid-Value
CR-12625,471,3,475.9,Corey Roper,Home Office,1,1,1,3,Low-Value
CR-12730,79,4,1600.55,Craig Reiter,Consumer,3,1,2,6,Mid-Value
CR-12820,86,3,1397.8724,Cyra Reiten,Home Office,3,1,2,6,Mid-Value
CS-11845,92,5,1278.954,Cari Sayre,Corporate,3,2,2,7,Mid-Value
CS-11860,163,6,537.632,Cari Schnelling,Consumer,2,3,1,6,Mid-Value
CS-11950,26,11,3036.547,Carlos Soltero,Consumer,5,5,4,14,Top Customers
CS-12130,490,4,884.64,Chad Sievert,Consumer,1,1,1,3,Low-Value
CS-12175,233,5,844.4580000000001,Charles Sheldon,Corporate,1,2,1,4,Low-Value
CS-12250,27,12,2754.216,Chris Selesnick,Corporate,5,5,4,14,Top Customers
CS-12355,7,11,3202.1620000000003,Christine Sundaresam,Consumer,5,5,4,14,Top Customers
CS-12400,3,9,3651.8585000000003,Christopher Schild,Home Office,5,5,4,14,Top Customers
CS-12460,28,2,550.644,Chuck Sachs,Consumer,4,1,1,6,Mid-Value
CS-12490,425,4,1077.2285,Cindy Schnelling,Corporate,1,1,2,4,Low-Value
CS-12505,59,6,5690.054999999999,Cindy Stewart,Consumer,3,3,5,11,High-Value
CT-11995,97,8,3241.898,Carol Triggs,Consumer,3,4,4,11,High-Value
CV-12295,255,5,2830.6279999999997,Christina VanderZanden,Consumer,1,2,4,7,Mid-Value
CV-12805,6,9,2370.3136,Cynthia Voltz,Corporate,5,5,3,13,Top Customers
CW-11905,23,6,1136.592,Carl Weiss,Home Office,5,3,2,10,High-Value
CY-12745,61,8,2900.026,Craig Yedwab,Corporate,3,4,4,11,High-Value
Co-12640,550,5,1300.076,Corey-Lock,Consumer,1,2,2,5,Low-Value
DA-13450,353,4,156.76,Dianna Arnett,Home Office,1,1,1,3,Low-Value
DB-12910,22,8,2171.599,Daniel Byrd,Home Office,5,4,3,12,High-Value
DB-12970,242,5,2839.2272,Darren Budd,Corporate,1,2,4,7,Mid-Value
DB-13060,17,7,4531.646,Dave Brooks,Consumer,5,3,5,13,Top Customers
DB-13120,49,7,2973.094,David Bremer,Corporate,4,3,4,11,High-Value
DB-13210,10,10,2332.577,Dean Braden,Consumer,5,5,3,13,Top Customers
DB-13270,54,8,4655.897,Deborah Brumfield,Home Office,4,4,5,13,Top Customers
DB-13360,265,5,1081.466,Dennis Bolton,Home Office,1,2,2,5,Low-Value
DB-13405,188,4,1711.692,Denny Blanton,Consumer,2,1,2,5,Low-Value
DB-13555,108,7,3908.8028,Dorothy Badders,Corporate,2,3,4,9,Mid-Value
DB-13615,34,7,1989.05,Doug Bickford,Consumer,4,3,3,10,High-Value
DB-13660,13,7,1155.202,Duane Benoit,Consumer,5,3,2,10,High-Value
DC-12850,38,9,3336.168,Dan Campbell,Consumer,4,5,4,13,Top Customers
DC-13285,24,5,1174.618,Debra Catini,Consumer,5,2,2,9,Mid-Value
DD-13570,42,6,269.542,Dorothy Dickinson,Consumer,4,3,1,8,Mid-Value
DE-13255,720,5,2550.874,Deanra Eno,Home Office,1,2,3,6,Mid-Value
DF-13135,701,3,2390.534,David Flashing,Consumer,1,1,3,5,Low-Value
DG-13300,33,5,3195.818,Deirdre Greer,Corporate,4,2,4,10,High-Value
DH-13075,278,6,4932.872,Dave Hallsten,Corporate,1,3,5,9,Mid-Value
DH-13675,777,4,1043.096,Duane Huffman,Home Office,1,1,2,4,Low-Value
DJ-13420,638,4,2012.52,Denny Joy,Corporate,1,1,3,5,Low-Value
DJ-13510,49,8,2501.6879999999996,Don Jones,Corporate,4,4,3,11,High-Value
DJ-13630,13,3,3356.398,Doug Jacobs,Consumer,5,1,4,10,High-Value
DK-12835,22,12,3256.48,Damala Kotsonis,Corporate,5,5,4,14,Top Customers
DK-12895,46,5,4282.176,Dana Kaydos,Consumer,4,2,4,10,High-Value
DK-12985,8,5,1687.04,Darren Koutras,Consumer,5,2,2,9,Mid-Value
DK-13090,43,7,2650.557,Dave Kipp,Consumer,4,3,3,10,High-Value
DK-13150,11,2,797.832,David Kendrick,Corporate,5,1,1,7,Mid-Value
DK-13225,11,9,4802.394,Dean Katz,Corporate,5,5,5,15,Top Customers
DK-13375,20,8,3318.486,Dennis Kane,Consumer,5,4,4,13,Top Customers
DL-12865,101,8,1503.112,Dan Lawera,Consumer,3,4,2,9,Mid-Value
DL-12925,58,6,3272.2,Daniel Lacy,Consumer,3,3,4,10,High-Value
DL-13315,23,8,1458.258,Delfina Latchford,Consumer,5,4,2,11,High-Value
DL-13330,58,4,585.02,Denise Leinenbach,Consumer,3,1,1,5,Low-Value
DL-13495,77,8,3539.322,Dionis Lloyd,Corporate,3,4,4,11,High-Value
DM-12955,115,7,1322.034,Dario Medina,Corporate,2,3,2,7,Mid-Value
DM-13015,58,7,6345.103,Darrin Martin,Consumer,3,3,5,11,High-Value
DM-13345,23,8,4074.4719999999998,Denise Monton,Corporate,5,4,4,13,Top Customers
DM-13525,482,3,1376.792,Don Miller,Corporate,1,1,2,4,Low-Value
DN-13690,218,7,2139.79,Duane Noonan,Consumer,2,3,3,8,Mid-Value
DO-13435,134,9,1300.0315,Denny Ordway,Consumer,2,5,2,9,Mid-Value
DO-13645,27,7,1267.316,Doug O'Connell,Consumer,5,3,2,10,High-Value
DP-13000,127,9,1050.636,Darren Powers,Consumer,2,5,2,9,Mid-Value
DP-13105,7,8,2215.002,Dave Poirier,Corporate,5,4,3,12,High-Value
DP-13165,813,2,1058.616,David Philippe,Consumer,1,1,2,4,Low-Value
DP-13390,359,9,5480.723999999999,Dennis Pardue,Home Office,1,5,5,11,High-Value
DR-12880,4,9,6528.034000000001,Dan Reichenbach,Corporate,5,5,5,15,Top Customers
DR-12940,51,8,8350.868,Daniel Raglin,Home Office,4,4,5,13,Top Customers
DS-13030,94,4,1762.213,Darrin Sayre,Home Office,3,1,3,7,Mid-Value
DS-13180,24,9,2881.8128,David Smith,Corporate,5,5,4,14,Top Customers
DV-13045,20,5,1119.483,Darrin Van Huff,Corporate,5,2,2,9,Mid-Value
DV-13465,30,6,3341.587,Dianna Vittorini,Consumer,4,3,4,11,High-Value
DW-13195,70,6,1080.751,David Wiener,Corporate,3,3,2,8,Mid-Value
DW-13480,218,5,5271.628,Dianna Wilson,Home Office,2,2,5,9,Mid-Value
DW-13540,99,5,344.08,Don Weiss,Consumer,3,2,1,6,Mid-Value
DW-13585,243,7,1204.854,Dorothy Wardle,Corporate,1,3,2,6,Mid-Value
Dl-13600,120,5,755.602,Dorris liebe,Corporate,2,2,1,5,Low-Value
Dp-13240,85,11,7198.7609999999995,Dean percer,Home Office,3,5,5,13,Top Customers
EA-14035,153,13,2846.705,Erin Ashbrook,Corporate,2,5,4,11,High-Value
EB-13705,49,9,3644.978,Ed Braxton,Corporate,4,5,4,13,Top Customers
EB-13750,36,10,3236.314,Edward Becker,Corporate,4,5,4,13,Top Customers
EB-13840,91,5,4358.128,Ellis Ballard,Corporate,3,2,5,10,High-Value
EB-13870,101,10,2767.219,Emily Burns,Consumer,3,5,4,12,High-Value
EB-13930,162,5,944.6000000000001,Eric Barreto,Consumer,2,2,1,5,Low-Value
EB-13975,1,4,1643.255,Erica Bern,Corporate,5,1,2,8,Mid-Value
EB-14110,114,6,3071.126,Eugene Barchas,Consumer,2,3,4,9,Mid-Value
EB-14170,83,6,1186.326,Evan Bailliet,Consumer,3,3,2,8,Mid-Value
EC-14050,54,5,461.914,Erin Creighton,Consumer,4,2,1,7,Mid-Value
ED-13885,136,8,3484.92,Emily Ducich,Home Office,2,4,4,10,High-Value
EG-13900,23,5,1832.02,Emily Grady,Consumer,5,2,3,10,High-Value
EH-13765,136,12,10310.880000000001,Edward Hooks,Corporate,2,5,5,12,High-Value
EH-13945,218,8,684.1709999999999,Eric Hoffmann,Consumer,2,4,1,7,Mid-Value
EH-13990,406,6,825.9499999999999,Erica Hackney,Consumer,1,3,1,5,Low-Value
EH-14005,3,7,1219.53,Erica Hernandez,Home Office,5,3,2,10,High-Value
EH-14125,153,10,3082.653,Eugene Hildebrand,Home Office,2,5,4,11,High-Value
EH-14185,106,6,923.884,Evan Henry,Consumer,2,3,1,6,Mid-Value
EJ-13720,303,4,2162.174,Ed Jacobs,Consumer,1,1,3,5,Low-Value
EJ-14155,58,5,2656.691,Eva Jacobs,Consumer,3,2,3,8,Mid-Value
EK-13795,45,4,1303.478,Eileen Kiefer,Home Office,4,1,2,7,Mid-Value
EL-13735,78,2,124.28,Ed Ludwig,Home Office,3,1,1,5,Low-Value
EM-13810,133,5,2567.0099999999998,Eleni McCrary,Corporate,2,2,3,7,Mid-Value
EM-13825,56,8,2339.598,Elizabeth Moffitt,Corporate,3,4,3,10,High-Value
EM-13960,152,5,933.704,Eric Murdock,Consumer,2,2,1,5,Low-Value
EM-14065,48,4,228.99,Erin Mull,Consumer,4,1,1,6,Mid-Value
EM-14095,114,4,1041.0420000000001,Eudokia Martin,Corporate,2,1,2,5,Low-Value
EM-14140,49,6,4588.436000000001,Eugene Moren,Home Office,4,3,5,12,High-Value
EM-14200,159,3,366.822,Evan Minnotte,Home Office,2,1,1,4,Low-Value
EN-13780,288,4,2199.366,Edward Nazzal,Consumer,1,1,3,5,Low-Value
EP-13915,13,17,5478.0608,Emily Phan,Consumer,5,5,5,15,Top Customers
ER-13855,422,3,1245.788,Elpida Rittenbach,Corporate,1,1,2,4,Low-Value
ES-14020,41,5,3510.4579999999996,Erica Smith,Consumer,4,2,4,10,High-Value
ES-14080,29,9,4657.924,Erin Smith,Corporate,4,5,5,14,Top Customers
FA-14230,98,7,2984.054,Frank Atkinson,Corporate,3,3,4,10,High-Value
FC-14245,71,7,3418.742,Frank Carlisle,Home Office,3,3,4,10,High-Value
FC-14335,185,7,3889.366,Fred Chung,Corporate,2,3,4,9,Mid-Value
FG-14260,35,7,1383.144,Frank Gastineau,Home Office,4,3,2,9,Mid-Value
FH-14275,38,10,4256.272,Frank Hawley,Corporate,4,5,4,13,Top Customers
FH-14350,213,4,2271.284,Fred Harton,Consumer,2,1,3,6,Mid-Value
FH-14365,6,8,6987.196,Fred Hopkins,Corporate,5,4,5,14,Top Customers
FM-14215,8,10,2456.638,Filia McAdams,Corporate,5,5,3,13,Top Customers
FM-14290,37,9,3736.198,Frank Merwin,Home Office,4,5,4,13,Top Customers
FM-14380,146,9,2523.266,Fred McMath,Consumer,2,5,3,10,High-Value
FO-14305,39,10,2678.438,Frank Olsen,Consumer,4,5,3,12,High-Value
FP-14320,24,8,4046.746,Frank Preis,Consumer,5,4,4,13,Top Customers
FW-14395,363,3,79.75,Fred Wasserman,Corporate,1,1,1,3,Low-Value
GA-14515,150,8,3919.7760000000003,George Ashbrook,Consumer,2,4,4,10,High-Value
GA-14725,6,11,1398.382,Guy Armstrong,Consumer,5,5,2,12,High-Value
GB-14530,63,11,1568.44,George Bell,Corporate,3,5,2,10,High-Value
GB-14575,14,5,4716.288,Giulietta Baptist,Consumer,5,2,5,12,High-Value
GD-14590,6,4,1888.07,Giulietta Dortch,Corporate,5,1,3,9,Mid-Value
GG-14650,44,9,2224.0,Greg Guthrie,Corporate,4,5,3,12,High-Value
GH-14410,76,9,2819.4669999999996,Gary Hansen,Home Office,3,5,4,12,High-Value
GH-14425,51,4,4172.8460000000005,Gary Hwang,Consumer,4,1,4,9,Mid-Value
GH-14485,388,2,1361.2440000000001,Gene Hale,Corporate,1,1,2,4,Low-Value
GH-14665,3,2,146.94080000000002,Greg Hansen,Consumer,5,1,1,7,Mid-Value
GK-14620,113,9,6497.27,Grace Kelly,Corporate,2,5,5,12,High-Value
GM-14440,84,7,3582.8199999999997,Gary McGarr,Consumer,3,3,4,10,High-Value
GM-14455,17,6,3078.624,Gary Mitchum,Home Office,5,3,4,12,High-Value
GM-14500,107,10,1255.682,Gene McClure,Consumer,2,5,2,9,Mid-Value
GM-14680,153,6,3163.628,Greg Matthias,Consumer,2,3,4,9,Mid-Value
GM-14695,118,3,6049.966,Greg Maxwell,Corporate,2,1,5,8,Mid-Value
GP-14740,766,2,236.53,Guy Phonely,Corporate,1,1,1,3,Low-Value
GR-14560,1136,2,1284.38,Georgia Rosenberg,Corporate,1,1,2,4,Low-Value
GT-14635,57,3,9351.212,Grant Thornton,Corporate,3,1,5,9,Mid-Value
GT-14710,37,11,11820.119999999999,Greg Tran,Consumer,4,5,5,14,Top Customers
GT-14755,35,4,226.436,Guy Thornton,Consumer,4,1,1,6,Mid-Value
GW-14605,29,7,2189.019,Giulietta Weimer,Consumer,4,3,3,10,High-Value
GZ-14470,8,9,4355.150000000001,Gary Zandusky,Consumer,5,5,5,15,Top Customers
GZ-14545,158,4,2454.6220000000003,George Zrebassa,Corporate,2,1,3,6,Mid-Value
HA-14905,70,7,2163.3,Helen Abelman,Consumer,3,3,3,9,Mid-Value
HA-14920,21,8,2584.158,Helen Andreada,Consumer,5,4,3,12,High-Value
HD-14785,770,3,251.36,Harold Dahlen,Home Office,1,1,1,3,Low-Value
HE-14800,13,4,883.5319999999999,Harold Engle,Corporate,5,1,1,7,Mid-Value
HF-14995,22,7,2533.1639999999998,Herbert Flentye,Consumer,5,3,3,11,High-Value
HG-14845,55,5,785.628,Harry Greene,Consumer,3,2,1,6,Mid-Value
HG-14965,24,12,3247.642,Henry Goldwyn,Corporate,5,5,4,14,Top Customers
HG-15025,7,7,3690.284,Hunter Glantz,Consumer,5,3,4,12,High-Value
HH-15010,73,2,218.668,Hilary Holden,Corporate,3,1,1,5,Low-Value
HJ-14875,127,5,358.1,Heather Jas,Home Office,2,2,1,5,Low-Value
HK-14890,152,8,4877.784,Heather Kirkland,Corporate,2,4,5,11,High-Value
HL-15040,44,6,12873.297999999999,Hunter Lopez,Consumer,4,3,5,12,High-Value
HM-14860,3,10,8236.7648,Harry Marie,Corporate,5,5,5,15,Top Customers
HM-14980,248,4,736.276,Henry MacAllister,Consumer,1,1,1,3,Low-Value
HP-14815,31,7,1990.314,Harold Pawlan,Home Office,4,3,3,10,High-Value
HR-14770,14,5,1299.288,Hallie Redmond,Home Office,5,2,2,9,Mid-Value
HR-14830,160,7,5248.787,Harold Ryan,Corporate,2,3,5,10,High-Value
HW-14935,118,8,9300.254,Helen Wasserman,Corporate,2,4,5,11,High-Value
HZ-14950,36,5,886.52,Henia Zydlo,Consumer,4,2,1,7,Mid-Value
IG-15085,72,4,744.574,Ivan Gibson,Consumer,3,1,1,5,Low-Value
IL-15100,143,7,5040.736,Ivan Liston,Consumer,2,3,5,10,High-Value
IM-15055,410,3,2872.63,Ionia McGrath,Consumer,1,1,4,6,Mid-Value
IM-15070,391,7,4930.474,Irene Maddox,Consumer,1,3,5,9,Mid-Value
JA-15970,93,8,6491.026,Joseph Airdo,Consumer,3,4,5,12,High-Value
JB-15400,8,10,1791.605,Jennifer Braxton,Corporate,5,5,3,13,Top Customers
JB-15925,738,3,900.552,Joni Blumstein,Consumer,1,1,1,3,Low-Value
JB-16000,44,7,644.1188,Joy Bell-,Consumer,4,3,1,8,Mid-Value
JB-16045,8,5,2518.115,Julia Barnett,Home Office,5,2,3,10,High-Value
JC-15340,115,4,71.263,Jasper Cacioppo,Consumer,2,1,1,4,Low-Value
JC-15385,176,1,1058.108,Jenna Caffey,Consumer,2,1,2,5,Low-Value
JC-15775,159,9,2772.055,John Castell,Consumer,2,5,4,11,High-Value
JC-16105,58,5,858.576,Julie Creighton,Corporate,3,2,1,6,Mid-Value
JD-15790,118,5,2152.352,John Dryer,Consumer,2,2,3,7,Mid-Value
JD-15895,395,11,7610.8640000000005,Jonathan Doherty,Corporate,1,5,5,11,High-Value
JD-16015,113,6,385.43,Joy Daniels,Consumer,2,3,1,6,Mid-Value
JD-16060,301,3,695.442,Julia Dunbar,Consumer,1,1,1,3,Low-Value
JD-16150,42,8,8828.0305,Justin Deggeller,Corporate,4,4,5,13,Top Customers
JE-15475,194,6,1388.682,Jeremy Ellison,Consumer,2,3,2,7,Mid-Value
JE-15610,49,7,7754.976,Jim Epp,Corporate,4,3,5,12,High-Value
JE-15715,47,10,8697.842999999999,Joe Elijah,Consumer,4,5,5,14,Top Customers
JE-15745,52,13,6760.8150000000005,Joel Eaton,Consumer,4,5,5,14,Top Customers
JE-16165,21,3,2697.248,Justin Ellison,Corporate,5,1,3,9,Mid-Value
JF-15190,66,7,2279.5860000000002,Jamie Frazer,Consumer,3,3,3,9,Mid-Value
JF-15295,226,5,955.124,Jason Fortune-,Consumer,1,2,1,4,Low-Value
JF-15355,106,6,1911.844,Jay Fein,Consumer,2,3,3,8,Mid-Value
JF-15415,3,6,2371.448,Jennifer Ferguson,Consumer,5,3,3,11,High-Value
JF-15490,122,11,1082.918,Jeremy Farry,Consumer,2,5,2,9,Mid-Value
JF-15565,55,8,4198.332,Jill Fjeld,Consumer,3,4,4,11,High-Value
JG-15115,759,3,2358.676,Jack Garza,Consumer,1,1,3,5,Low-Value
JG-15160,2,11,6366.392,James Galang,Consumer,5,5,5,15,Top Customers
JG-15310,3,6,2240.58,Jason Gross,Corporate,5,3,3,11,High-Value
JG-15805,224,6,1507.018,John Grady,Corporate,2,3,2,7,Mid-Value
JH-15430,6,4,309.281,Jennifer Halladay,Consumer,5,1,1,7,Mid-Value
JH-15820,175,6,528.91,John Huston,Consumer,2,3,1,6,Mid-Value
JH-15910,42,7,959.477,Jonathan Howell,Consumer,4,3,1,8,Mid-Value
JH-15985,30,6,7954.9980000000005,Joseph Holt,Consumer,4,3,5,12,High-Value
JH-16180,405,4,2256.3940000000002,Justin Hirsh,Consumer,1,1,3,5,Low-Value
JJ-15445,484,5,709.178,Jennifer Jackson,Consumer,1,2,1,4,Low-Value
JJ-15760,754,2,195.0,Joel Jenkins,Home Office,1,1,1,3,Low-Value
JK-15205,62,5,4427.142,Jamie Kunitz,Consumer,3,2,5,10,High-Value
JK-15325,288,3,383.812,Jason Klamczynski,Corporate,1,1,1,3,Low-Value
JK-15370,45,8,2709.632,Jay Kimmel,Consumer,4,4,3,11,High-Value
JK-15625,62,7,3760.028,Jim Karlsson,Consumer,3,3,4,10,High-Value
JK-15640,181,9,4760.434,Jim Kriz,Home Office,2,5,5,12,High-Value
JK-15730,85,10,4867.2,Joe Kamberova,Consumer,3,5,5,13,Top Customers
JK-16090,29,3,3747.668,Juliana Krohn,Consumer,4,1,4,9,Mid-Value
JK-16120,118,10,2932.484,Julie Kriz,Home Office,2,5,4,11,High-Value
JL-15130,9,6,1214.956,Jack Lebron,Consumer,5,3,2,10,High-Value
JL-15175,7,5,1571.523,James Lanier,Home Office,5,2,2,9,Mid-Value
JL-15235,120,5,2203.7,Janet Lee,Consumer,2,2,3,7,Mid-Value
JL-15505,50,6,3173.874,Jeremy Lonsdale,Consumer,4,3,4,11,High-Value
JL-15835,22,11,9799.923,John Lee,Consumer,5,5,5,15,Top Customers
JL-15850,615,6,2725.256,John Lucas,Consumer,1,3,3,7,Mid-Value
JM-15250,38,6,3159.1220000000003,Janet Martin,Consumer,4,3,4,11,High-Value
JM-15265,38,5,1804.146,Janet Molinari,Corporate,4,2,3,9,Mid-Value
JM-15535,103,7,1733.443,Jessica Myrick,Consumer,3,3,2,8,Mid-Value
JM-15580,1,5,303.948,Jill Matthias,Consumer,5,2,1,8,Mid-Value
JM-15655,9,5,864.947,Jim Mitchum,Corporate,5,2,1,8,Mid-Value
JM-15865,110,7,7625.076000000001,John Murray,Consumer,2,3,5,10,High-Value
JM-16195,58,10,2833.9260000000004,Justin MacKendrick,Consumer,3,5,4,12,High-Value
JO-15145,58,9,3254.949,Jack O'Briant,Corporate,3,5,4,12,High-Value
JO-15280,93,6,1934.272,Jas O'Carroll,Consumer,3,3,3,9,Mid-Value
JO-15550,216,5,1090.838,Jesus Ocampo,Home Office,2,2,2,6,Mid-Value
JP-15460,38,7,1669.135,Jennifer Patt,Corporate,4,3,2,9,Mid-Value
JP-15520,9,7,3635.594,Jeremy Pistek,Consumer,5,3,4,12,High-Value
JP-16135,103,9,1707.71,Julie Prescott,Home Office,3,5,2,10,High-Value
JR-15670,594,2,1156.658,Jim Radford,Consumer,1,1,2,4,Low-Value
JR-15700,69,1,863.88,Jocasta Rupert,Consumer,3,1,1,5,Low-Value
JR-16210,34,5,2201.686,Justin Ritter,Corporate,4,2,3,9,Mid-Value
JS-15595,120,4,1417.654,Jill Stevenson,Corporate,2,1,2,5,Low-Value
JS-15685,43,4,1131.0639999999999,Jim Sink,Corporate,4,1,2,7,Mid-Value
JS-15880,535,5,3868.02,John Stevenson,Consumer,1,2,4,7,Mid-Value
JS-15940,464,5,469.169,Joni Sundaresam,Home Office,1,2,1,4,Low-Value
JS-16030,29,6,2516.494,Joy Smith,Consumer,4,3,3,10,High-Value
JW-15220,43,6,7721.714,Jane Waco,Corporate,4,3,5,12,High-Value
JW-15955,6,7,1244.086,Joni Wasserman,Consumer,5,3,2,10,High-Value
JW-16075,462,4,1428.731,Julia West,Consumer,1,1,2,4,Low-Value
KA-16525,37,7,1519.506,Kelly Andreada,Consumer,4,3,2,9,Mid-Value
KB-16240,5,7,3152.6150000000002,Karen Bern,Corporate,5,3,4,12,High-Value
KB-16315,297,9,1569.464,Karl Braun,Consumer,1,5,2,8,Mid-Value
KB-16405,118,3,908.821,Katrina Bavinger,Home Office,2,1,1,4,Low-Value
KB-16585,231,12,2744.742,Ken Black,Corporate,1,5,3,9,Mid-Value
KB-16600,2,7,983.922,Ken Brennan,Corporate,5,3,2,10,High-Value
KC-16255,408,6,2120.954,Karen Carlisle,Corporate,1,3,3,7,Mid-Value
KC-16540,98,4,3908.262,Kelly Collister,Consumer,3,1,4,8,Mid-Value
KC-16675,58,4,1146.05,Kimberly Carter,Corporate,3,1,2,6,Mid-Value
KD-16270,485,5,8282.358,Karen Daniels,Consumer,1,2,5,8,Mid-Value
KD-16345,42,6,1888.964,Katherine Ducich,Consumer,4,3,3,10,High-Value
KD-16495,113,12,8181.256,Keith Dawkins,Corporate,2,5,5,12,High-Value
KD-16615,290,5,2243.5099999999998,Ken Dana,Corporate,1,2,3,6,Mid-Value
KE-16420,27,8,1686.7312,Katrina Edelman,Corporate,5,4,2,11,High-Value
KF-16285,98,7,10604.266,Karen Ferguson,Home Office,3,3,5,11,High-Value
KH-16330,41,8,3312.864,Katharine Harms,Corporate,4,4,4,12,High-Value
KH-16360,2,6,3100.612,Katherine Hughes,Consumer,5,3,4,12,High-Value
KH-16510,23,7,5952.859,Keith Herrera,Consumer,5,3,5,13,Top Customers
KH-16630,59,9,3918.9660000000003,Ken Heidel,Corporate,3,5,4,12,High-Value
KH-16690,3,7,5990.799,Kristen Hastings,Corporate,5,3,5,13,Top Customers
KL-16555,17,8,5016.488,Kelly Lampkin,Corporate,5,4,5,14,Top Customers
KL-16645,48,12,14175.229000000001,Ken Lonsdale,Consumer,4,5,5,14,Top Customers
KM-16225,15,6,2260.958,Kalyca Meade,Corporate,5,3,3,11,High-Value
KM-16375,57,8,5620.186,Katherine Murray,Home Office,3,4,5,12,High-Value
KM-16660,16,5,453.538,Khloe Miller,Consumer,5,2,1,8,Mid-Value
KM-16720,29,8,4909.472,Kunst Miller,Consumer,4,4,5,13,Top Customers
KN-16390,20,9,2617.272,Katherine Nockton,Corporate,5,5,3,13,Top Customers
KN-16450,53,5,2171.962,Kean Nguyen,Corporate,4,2,3,9,Mid-Value
KN-16705,99,8,2280.58,Kristina Nunn,Home Office,3,4,3,10,High-Value
KS-16300,296,3,88.472,Karen Seio,Corporate,1,1,1,3,Low-Value
KT-16465,392,7,3057.1,Kean Takahito,Consumer,1,3,4,8,Mid-Value
KT-16480,101,10,4642.088400000001,Kean Thornton,Consumer,3,5,5,13,Top Customers
KW-16435,97,5,4416.5199999999995,Katrina Willman,Consumer,3,2,5,10,High-Value
KW-16570,772,4,449.096,Kelly Williams,Consumer,1,1,1,3,Low-Value
LA-16780,155,11,8673.222,Laura Armstrong,Corporate,2,5,5,12,High-Value
LB-16735,49,3,50.188,Larry Blacks,Consumer,4,1,1,6,Mid-Value
LB-16795,153,8,4985.676,Laurel Beltran,Home Office,2,4,5,11,High-Value
LC-16870,28,8,2580.7039999999997,Lena Cacioppo,Consumer,4,4,3,11,High-Value
LC-16885,17,12,7663.126,Lena Creighton,Consumer,5,5,5,15,Top Customers
LC-16930,42,8,4492.946,Linda Cazamias,Corporate,4,4,5,13,Top Customers
LC-16960,437,4,3246.626,Lindsay Castell,Home Office,1,1,4,6,Mid-Value
LC-17050,55,5,2095.064,Liz Carlisle,Consumer,3,2,3,8,Mid-Value
LC-17140,14,9,2633.582,Logan Currie,Consumer,5,5,3,13,Top Customers
LD-16855,553,1,5.304,Lela Donovan,Corporate,1,1,1,3,Low-Value
LD-17005,415,4,1961.934,Lisa DeCherney,Consumer,1,1,3,5,Low-Value
LE-16810,22,6,1469.45,Laurel Elliston,Consumer,5,3,2,10,High-Value
LF-17185,23,7,3930.5089999999996,Luke Foster,Consumer,5,3,4,12,High-Value
LH-16750,152,3,287.426,Larry Hughes,Consumer,2,1,1,4,Low-Value
LH-16900,22,9,2295.332,Lena Hernandez,Consumer,5,5,3,13,Top Customers
LH-17020,240,4,318.239,Lisa Hazard,Consumer,1,1,1,3,Low-Value
LH-17155,386,9,1739.689,Logan Haushalter,Consumer,1,5,3,9,Mid-Value
LL-16840,250,6,2741.2039999999997,Lauren Leatherbury,Consumer,1,3,3,7,Mid-Value
LM-17065,392,5,1346.774,Liz MacKendrick,Consumer,1,2,2,5,Low-Value
LO-17170,3,5,644.35,Lori Olson,Corporate,5,2,1,8,Mid-Value
LP-17080,41,4,756.606,Liz Pelletier,Consumer,4,1,1,6,Mid-Value
LP-17095,10,7,3653.399,Liz Preis,Consumer,5,3,4,12,High-Value
LR-16915,27,6,5142.892,Lena Radford,Consumer,5,3,5,13,Top Customers
LR-17035,133,5,1879.306,Lisa Ryan,Corporate,2,2,3,7,Mid-Value
LS-16945,179,6,2845.27,Linda Southworth,Corporate,2,3,4,9,Mid-Value
LS-16975,21,9,2988.674,Lindsay Shagiari,Home Office,5,5,4,14,Top Customers
LS-17200,97,6,1010.2560000000001,Luke Schmidt,Corporate,3,3,2,8,Mid-Value
LS-17230,778,3,368.88000000000005,Lycoris Saunders,Consumer,1,1,1,3,Low-Value
LS-17245,35,6,1008.1360000000001,Lynn Smith,Consumer,4,3,2,9,Mid-Value
LT-16765,27,3,329.876,Larry Tron,Consumer,5,1,1,7,Mid-Value
LT-17110,35,8,2936.252,Liz Thompson,Consumer,4,4,4,12,High-Value
LW-16825,89,5,2238.061,Laurel Workman,Corporate,3,2,3,8,Mid-Value
LW-16990,34,6,3230.308,Lindsay Williams,Corporate,4,3,4,11,High-Value
LW-17125,206,3,1259.04,Liz Willingham,Consumer,2,1,2,5,Low-Value
LW-17215,22,7,5420.514,Luke Weiss,Consumer,5,3,5,13,Top Customers
MA-17560,65,11,4299.161,Matt Abelman,Home Office,3,5,5,13,Top Customers
MA-17995,187,6,2453.284,Michelle Arnett,Home Office,2,3,3,8,Mid-Value
MB-17305,49,10,1548.702,Maria Bertelson,Consumer,4,5,2,11,High-Value
MB-18085,45,7,1428.231,Mick Brown,Consumer,4,3,2,9,Mid-Value
MC-17275,77,8,2725.982,Marc Crier,Consumer,3,4,3,10,High-Value
MC-17425,400,5,4432.138,Mark Cousins,Corporate,1,2,5,8,Mid-Value
MC-17575,28,8,1303.893,Matt Collins,Consumer,4,4,2,10,High-Value
MC-17590,52,6,2426.067,Matt Collister,Corporate,4,3,3,10,High-Value
MC-17605,113,8,2258.192,Matt Connell,Corporate,2,4,3,9,Mid-Value
MC-17635,190,4,795.154,Matthew Clasen,Corporate,2,1,1,4,Low-Value
MC-17845,2,7,3805.714,Michael Chen,Consumer,5,3,4,12,High-Value
MC-18100,42,10,2218.98,Mick Crebagga,Consumer,4,5,3,12,High-Value
MC-18130,370,5,1581.9979999999998,Mike Caudle,Corporate,1,2,2,5,Low-Value
MD-17350,118,7,3766.382,Maribeth Dona,Consumer,2,3,4,9,Mid-Value
MD-17860,37,5,1204.91,Michael Dominguez,Corporate,4,2,2,8,Mid-Value
ME-17320,43,10,10663.728000000001,Maria Etezadi,Home Office,4,5,5,14,Top Customers
ME-17725,29,8,1908.4532,Max Engle,Consumer,4,4,3,11,High-Value
ME-18010,93,4,1256.944,Michelle Ellison,Corporate,3,1,2,6,Mid-Value
MF-17665,422,5,937.039,Maureen Fritzler,Corporate,1,2,1,4,Low-Value
MF-18250,8,5,1758.3,Monica Federle,Corporate,5,2,3,10,High-Value
MG-17650,30,7,3785.276,Matthew Grinstein,Home Office,4,3,4,11,High-Value
MG-17680,93,4,2350.188,Maureen Gastineau,Home Office,3,1,3,7,Mid-Value
MG-17695,556,3,1342.282,Maureen Gnade,Consumer,1,1,2,4,Low-Value
MG-17875,117,5,1242.8329999999999,Michael Grace,Home Office,2,2,2,6,Mid-Value
MG-17890,100,9,776.384,Michael Granlund,Home Office,3,5,1,9,Mid-Value
MG-18145,85,4,3061.543,Mike Gockenbach,Consumer,3,1,4,8,Mid-Value
MG-18205,265,1,16.739,Mitch Gastineau,Corporate,1,1,1,3,Low-Value
MH-17290,120,6,2394.025,Marc Harrigan,Home Office,2,3,3,8,Mid-Value
MH-17440,377,4,400.016,Mark Haberlin,Corporate,1,1,1,3,Low-Value
MH-17455,86,8,2456.1820000000002,Mark Hamilton,Consumer,3,4,3,10,High-Value
MH-17620,156,4,1252.8,Matt Hagelstein,Corporate,2,1,2,5,Low-Value
MH-17785,99,7,2203.7780000000002,Maya Herman,Corporate,3,3,3,9,Mid-Value
MH-18025,50,5,2984.948,Michelle Huthwaite,Consumer,4,2,4,10,High-Value
MH-18115,6,9,5503.093,Mick Hernandez,Home Office,5,5,5,15,Top Customers
MJ-17740,23,7,6320.746,Max Jones,Consumer,5,3,5,13,Top Customers
MK-17905,29,8,2302.368,Michael Kennedy,Corporate,4,4,3,11,High-Value
MK-18160,241,4,1031.602,Mike Kennedy,Consumer,1,1,2,4,Low-Value
ML-17395,70,9,2722.843,Marina Lichtenstein,Corporate,3,5,3,11,High-Value
ML-17410,55,6,2921.5,Maris LaWare,Consumer,3,3,4,10,High-Value
ML-17755,30,7,2071.9139999999998,Max Ludwig,Home Office,4,3,3,10,High-Value
ML-18040,80,3,742.082,Michelle Lonsdale,Corporate,3,1,1,5,Low-Value
ML-18265,101,2,162.232,Muhammed Lee,Consumer,3,1,1,5,Low-Value
MM-17260,169,4,1314.023,Magdelene Morse,Consumer,2,1,2,5,Low-Value
MM-17920,8,11,3794.0800000000004,Michael Moore,Consumer,5,5,4,14,Top Customers
MM-18055,62,8,2749.881,Michelle Moray,Consumer,3,4,3,10,High-Value
MM-18280,86,9,775.414,Muhammed MacIntyre,Corporate,3,5,1,9,Mid-Value
MN-17935,35,6,2477.946,Michael Nguyen,Consumer,4,3,3,10,High-Value
MO-17500,73,4,922.487,Mary O'Rourke,Consumer,3,1,1,5,Low-Value
MO-17800,105,8,1687.0269999999998,Meg O'Connel,Home Office,2,4,2,8,Mid-Value
MO-17950,181,2,154.288,Michael Oakman,Consumer,2,1,1,4,Low-Value
MP-17470,720,7,3206.132,Mark Packer,Home Office,1,3,4,8,Mid-Value
MP-17965,73,9,3983.6420000000003,Michael Paige,Corporate,3,5,4,12,High-Value
MP-18175,17,9,5087.92,Mike Pelletier,Home Office,5,5,5,15,Top Customers
MR-17545,126,4,639.178,Mathew Reese,Home Office,2,1,1,4,Low-Value
MS-17365,274,10,7443.6900000000005,Maribeth Schnelling,Consumer,1,5,5,11,High-Value
MS-17530,435,4,475.65599999999995,MaryBeth Skach,Consumer,1,1,1,3,Low-Value
MS-17710,414,6,1613.402,Maurice Satty,Consumer,1,3,2,6,Mid-Value
MS-17770,122,9,3144.678,Maxwell Schwartz,Consumer,2,5,4,11,High-Value
MS-17830,453,4,370.348,Melanie Seite,Consumer,1,1,1,3,Low-Value
MS-17980,27,6,855.116,Michael Stewart,Corporate,5,3,1,9,Mid-Value
MT-17815,50,6,2890.139,Meg Tillman,Consumer,4,3,4,11,High-Value
MT-18070,204,4,1319.4498,Michelle Tran,Home Office,2,1,2,5,Low-Value
MV-17485,28,9,1560.05,Mark Van Huff,Consumer,4,5,2,11,High-Value
MV-18190,20,7,1734.574,Mike Vittorini,Consumer,5,3,2,10,High-Value
MW-18220,18,7,5341.900000000001,Mitch Webber,Consumer,5,3,5,13,Top Customers
MW-18235,45,2,5253.876,Mitch Willingham,Corporate,4,1,5,10,High-Value
MY-17380,30,7,2254.285,Maribeth Yedwab,Corporate,4,3,3,10,High-Value
MY-18295,72,11,4152.696,Muhammed Yedwab,Corporate,3,5,4,12,High-Value
MZ-17335,31,4,593.606,Maria Zettner,Home Office,4,1,1,6,Mid-Value
MZ-17515,283,6,2564.906,Mary Zewe,Corporate,1,3,3,7,Mid-Value
NB-18580,1166,2,273.87199999999996,Nicole Brennan,Corporate,1,1,1,3,Low-Value
NB-18655,20,9,1972.599,Nona Balk,Corporate,5,5,3,13,Top Customers
NC-18340,225,5,2461.404,Nat Carroll,Consumer,2,2,3,7,Mid-Value
NC-18415,42,6,2218.9900000000002,Nathan Cano,Consumer,4,3,3,10,High-Value
NC-18535,7,7,8241.739,Nick Crebassa,Corporate,5,3,5,13,Top Customers
NC-18625,205,5,1821.742,Noah Childs,Corporate,2,2,3,7,Mid-Value
ND-18370,28,9,4326.139,Natalie DeCherney,Consumer,4,5,5,14,Top Customers
ND-18460,184,6,2893.455,Neil Ducich,Corporate,2,3,4,9,Mid-Value
NF-18385,80,7,8322.826,Natalie Fritzler,Consumer,3,3,5,11,High-Value
NF-18475,526,4,377.16200000000003,Neil Französisch,Home Office,1,1,1,3,Low-Value
NF-18595,115,7,2031.472,Nicole Fjeld,Home Office,2,3,3,8,Mid-Value
NG-18355,49,5,1869.58,Nat Gilpin,Corporate,4,2,3,9,Mid-Value
NG-18430,49,5,1395.9379999999999,Nathan Gelder,Consumer,4,2,2,8,Mid-Value
NH-18610,190,7,2673.29,Nicole Hansen,Corporate,2,3,3,8,Mid-Value
NK-18490,71,7,572.048,Neil Knudson,Home Office,3,3,1,7,Mid-Value
NL-18310,59,4,1418.0900000000001,Nancy Lomonaco,Home Office,3,1,2,6,Mid-Value
NM-18445,161,7,6459.344,Nathan Mautz,Home Office,2,3,5,10,High-Value
NM-18520,245,10,2161.979,Neoma Murray,Consumer,1,5,3,9,Mid-Value
NP-18325,26,6,5529.62,Naresj Patel,Consumer,5,3,5,13,Top Customers
NP-18670,59,5,3908.402,Nora Paige,Consumer,3,2,4,9,Mid-Value
NP-18685,407,6,1228.698,Nora Pelletier,Home Office,1,3,2,6,Mid-Value
NP-18700,139,7,7903.1825,Nora Preis,Consumer,2,3,5,10,High-Value
NR-18550,211,5,2367.277,Nick Radford,Consumer,2,2,3,7,Mid-Value
NS-18505,7,4,2575.863,Neola Schneider,Consumer,5,1,3,9,Mid-Value
NS-18640,175,13,2964.823,Noel Staavos,Corporate,2,5,4,11,High-Value
NW-18400,173,7,7234.014,Natalie Webber,Consumer,2,3,5,10,High-Value
NZ-18565,86,9,2488.31,Nick Zandusky,Home Office,3,5,3,11,High-Value
ON-18715,411,9,1567.52,Odella Nelson,Corporate,1,5,2,8,Mid-Value
OT-18730,66,5,3818.624,Olvera Toch,Consumer,3,2,4,9,Mid-Value
PA-19060,104,6,729.408,Pete Armstrong,Home Office,3,3,1,7,Mid-Value
PB-18805,26,3,740.356,Patrick Bzostek,Home Office,5,1,1,7,Mid-Value
PB-19105,58,4,688.324,Peter Bühler,Consumer,3,1,1,5,Low-Value
PB-19150,98,8,1456.95,Philip Brown,Consumer,3,4,2,9,Mid-Value
PB-19210,689,2,132.738,Phillip Breyer,Corporate,1,1,1,3,Low-Value
PC-18745,3,4,1832.064,Pamela Coakley,Corporate,5,1,3,9,Mid-Value
PC-19000,883,2,1061.488,Pauline Chand,Home Office,1,1,2,4,Low-Value
PF-19120,836,4,9062.864,Peter Fuller,Consumer,1,1,5,7,Mid-Value
PF-19165,197,6,2770.0,Philip Fox,Consumer,2,3,4,9,Mid-Value
PF-19225,115,5,2206.1279999999997,Phillip Flathmann,Consumer,2,2,3,7,Mid-Value
PG-18820,37,13,3086.907,Patrick Gardner,Consumer,4,5,4,13,Top Customers
PG-18895,58,9,1987.164,Paul Gonzalez,Consumer,3,5,3,11,High-Value
PH-18790,71,1,729.648,Patricia Hirasaki,Home Office,3,1,1,5,Low-Value
PJ-18835,40,8,1220.09,Patrick Jones,Corporate,4,4,2,10,High-Value
PJ-19015,135,7,1824.2340000000002,Pauline Johnson,Consumer,2,3,3,8,Mid-Value
PK-18910,484,2,1441.152,Paul Knutson,Home Office,1,1,2,4,Low-Value
PK-19075,10,12,8646.934,Pete Kriz,Consumer,5,5,5,15,Top Customers
PL-18925,16,5,239.481,Paul Lucas,Home Office,5,2,1,8,Mid-Value
PM-18940,387,3,1405.402,Paul MacIntyre,Consumer,1,1,2,4,Low-Value
PM-19135,52,4,4115.662,Peter McVee,Home Office,4,1,4,9,Mid-Value
PN-18775,31,8,1467.152,Parhena Norris,Home Office,4,4,2,10,High-Value
PO-18850,5,11,7473.8282,Patrick O'Brill,Consumer,5,5,5,15,Top Customers
PO-18865,1,7,2493.214,Patrick O'Donnell,Consumer,5,3,3,11,High-Value
PO-19180,161,9,4893.043,Philisse Overcash,Home Office,2,5,5,12,High-Value
PO-19195,87,5,1056.858,Phillina Ober,Home Office,3,2,2,7,Mid-Value
PP-18955,98,10,7252.608,Paul Prost,Home Office,3,5,5,13,Top Customers
PR-18880,37,5,1840.178,Patrick Ryan,Consumer,4,2,3,9,Mid-Value
PS-18760,108,6,2181.479,Pamela Stobb,Consumer,2,3,3,8,Mid-Value
PS-18970,70,8,1278.639,Paul Stevenson,Home Office,3,4,2,9,Mid-Value
PS-19045,237,7,6843.634,Penelope Sewall,Home Office,1,3,5,9,Mid-Value
PT-19090,72,4,160.572,Pete Takahito,Consumer,3,1,1,5,Low-Value
PV-18985,90,5,2876.046,Paul Van Hugh,Home Office,3,2,4,9,Mid-Value
PW-19030,47,10,3454.916,Pauline Webber,Corporate,4,5,4,13,Top Customers
PW-19240,465,7,3922.4150000000004,Pierre Wener,Consumer,1,3,4,8,Mid-Value
QJ-19255,26,9,6108.338,Quincy Jones,Corporate,5,5,5,15,Top Customers
RA-19285,6,9,2617.906,Ralph Arnett,Consumer,5,5,3,13,Top Customers
RA-19885,44,7,3832.314,Ruben Ausman,Corporate,4,3,4,11,High-Value
RA-19915,13,9,4793.543,Russell Applegate,Consumer,5,5,5,15,Top Customers
RA-19945,62,5,1686.9225,Ryan Akin,Consumer,3,2,2,7,Mid-Value
RB-19330,69,2,1008.1959999999999,Randy Bradley,Consumer,3,1,2,6,Mid-Value
RB-19360,97,6,15117.339,Raymond Buch,Consumer,3,3,5,11,High-Value
RB-19435,20,8,2663.0860000000002,Richard Bierner,Consumer,5,4,3,12,High-Value
RB-19465,10,12,4715.466,Rick Bensley,Home Office,5,5,5,15,Top Customers
RB-19570,26,5,528.546,Rob Beeghly,Consumer,5,2,1,8,Mid-Value
RB-19645,649,5,221.084,Robert Barroso,Corporate,1,2,1,4,Low-Value
RB-19705,55,4,2067.45,Roger Barcio,Home Office,3,1,3,7,Mid-Value
RB-19795,33,8,5633.316000000001,Ross Baird,Home Office,4,4,5,13,Top Customers
RC-19825,370,6,966.409,Roy Collins,Consumer,1,3,2,6,Mid-Value
RC-19960,111,6,885.752,Ryan Crowe,Consumer,2,3,1,6,Mid-Value
RD-19480,73,8,4272.93,Rick Duston,Consumer,3,4,4,11,High-Value
RD-19585,181,10,2912.8940000000002,Rob Dowd,Consumer,2,5,4,11,High-Value
RD-19660,115,5,2786.632,Robert Dilbeck,Home Office,2,2,4,8,Mid-Value
RD-19720,22,10,1419.737,Roger Demir,Consumer,5,5,2,12,High-Value
RD-19810,15,8,1137.616,Ross DeVincentis,Home Office,5,4,2,11,High-Value
RD-19900,115,9,3133.924,Ruben Dartt,Consumer,2,5,4,11,High-Value
RD-19930,43,4,970.9420000000001,Russell D'Ascenzo,Consumer,4,1,2,7,Mid-Value
RE-19405,1098,1,48.36,Ricardo Emerson,Consumer,1,1,1,3,Low-Value
RE-19450,303,5,876.696,Richard Eichhorn,Consumer,1,2,1,4,Low-Value
RF-19345,391,8,3309.15,Randy Ferguson,Corporate,1,4,4,9,Mid-Value
RF-19735,90,7,2341.2960000000003,Roland Fjeld,Consumer,3,3,3,9,Mid-Value
RF-19840,7,8,945.222,Roy Französisch,Consumer,5,4,1,10,High-Value
RH-19495,33,5,3621.3759999999997,Rick Hansen,Consumer,4,2,4,10,High-Value
RH-19510,468,6,6979.18,Rick Huthwaite,Home Office,1,3,5,9,Mid-Value
RH-19555,520,2,740.382,Ritsa Hightower,Consumer,1,1,1,3,Low-Value
RH-19600,535,3,2085.7400000000002,Rob Haberlin,Consumer,1,1,3,5,Low-Value
RK-19300,120,3,1460.192,Ralph Kennedy,Consumer,2,1,2,5,Low-Value
RL-19615,122,8,6234.91,Rob Lucas,Consumer,2,4,5,11,High-Value
RM-19375,346,6,1453.474,Raymond Messe,Consumer,1,3,2,6,Mid-Value
RM-19675,7,5,5979.0960000000005,Robert Marley,Home Office,5,2,5,12,High-Value
RM-19750,300,1,98.35,Roland Murray,Consumer,1,1,1,3,Low-Value
RO-19780,36,7,3815.478,Rose O'Brian,Consumer,4,3,4,11,High-Value
RP-19270,497,4,954.6452,Rachel Payne,Corporate,1,1,1,3,Low-Value
RP-19390,34,12,5153.084,Resi Pölking,Consumer,4,5,5,14,Top Customers
RP-19855,29,8,2170.716,Roy Phan,Corporate,4,4,3,11,High-Value
RR-19315,20,2,615.932,Ralph Ritter,Consumer,5,1,1,7,Mid-Value
RR-19525,171,6,3302.2619999999997,Rick Reed,Corporate,2,3,4,9,Mid-Value
RS-19420,77,5,3221.29,Ricardo Sperren,Corporate,3,2,4,9,Mid-Value
RS-19765,37,8,4159.7699999999995,Roland Schwarz,Corporate,4,4,4,12,High-Value
RS-19870,20,2,22.328,Roy Skaria,Home Office,5,1,1,7,Mid-Value
RW-19540,121,7,7397.401,Rick Wilson,Corporate,2,3,5,10,High-Value
RW-19630,90,9,3279.746,Rob Williams,Corporate,3,5,4,12,High-Value
RW-19690,80,5,3495.646,Robert Waldorf,Consumer,3,2,4,9,Mid-Value
SA-20830,64,10,4767.3415,Sue Ann Reed,Consumer,3,5,5,13,Top Customers
SB-20170,202,3,1348.02,Sarah Bern,Consumer,2,1,2,5,Low-Value
SB-20185,189,6,6410.996,Sarah Brown,Consumer,2,3,5,10,High-Value
SB-20290,48,7,8057.891,Sean Braxton,Corporate,4,3,5,12,High-Value
SC-20020,782,5,3362.9636,Sam Craven,Consumer,1,2,4,7,Mid-Value
SC-20050,41,9,4624.572,Sample Company A,Home Office,4,5,5,14,Top Customers
SC-20095,350,9,14142.333999999999,Sanjit Chand,Consumer,1,5,5,11,High-Value
SC-20230,150,4,4371.9580000000005,Scot Coram,Corporate,2,1,5,8,Mid-Value
SC-20260,188,8,3729.7929999999997,Scott Cohen,Corporate,2,4,4,10,High-Value
SC-20305,30,7,3979.065,Sean Christensen,Consumer,4,3,4,11,High-Value
SC-20380,31,9,5992.536,Shahid Collister,Consumer,4,5,5,14,Top Customers
SC-20440,37,7,1874.998,Shaun Chance,Corporate,4,3,3,10,High-Value
SC-20575,93,5,902.7280000000001,Sonia Cooley,Consumer,3,2,1,6,Mid-Value
SC-20680,127,6,1254.64,Steve Carroll,Home Office,2,3,2,7,Mid-Value
SC-20695,90,10,2576.408,Steve Chapman,Corporate,3,5,3,11,High-Value
SC-20725,188,11,5226.21,Steven Cartwright,Consumer,2,5,5,12,High-Value
SC-20770,42,7,4492.657,Stewart Carmichael,Corporate,4,3,5,12,High-Value
SC-20800,31,4,279.25600000000003,Stuart Calhoun,Consumer,4,1,1,6,Mid-Value
SC-20845,132,2,280.632,Sung Chung,Consumer,2,1,1,4,Low-Value
SD-20485,201,9,6121.114,Shirley Daniels,Home Office,2,5,5,12,High-Value
SE-20110,10,11,12209.438000000002,Sanjit Engle,Consumer,5,5,5,15,Top Customers
SF-20065,60,7,763.5459999999999,Sandra Flanagan,Consumer,3,3,1,7,Mid-Value
SF-20200,60,9,3422.7859999999996,Sarah Foster,Consumer,3,5,4,12,High-Value
SF-20965,49,9,3336.535,Sylvia Foulston,Corporate,4,5,4,13,Top Customers
SG-20080,9,3,3406.5809999999997,Sandra Glassco,Consumer,5,1,4,10,High-Value
SG-20470,184,8,1884.798,Sheri Gordon,Consumer,2,4,3,9,Mid-Value
SG-20605,109,6,3124.832,Speros Goranitis,Consumer,2,3,4,9,Mid-Value
SG-20890,227,3,47.946,Susan Gilcrest,Corporate,1,1,1,3,Low-Value
SH-19975,30,13,3406.8395,Sally Hughsby,Corporate,4,5,4,13,Top Customers
SH-20395,24,10,2180.718,Shahid Hopkins,Consumer,5,5,3,13,Top Customers
SH-20635,766,2,2096.392,Stefanie Holloman,Corporate,1,1,3,5,Low-Value
SJ-20125,96,12,3949.656,Sanjit Jacobs,Home Office,3,5,4,12,High-Value
SJ-20215,30,6,1341.036,Sarah Jordon,Consumer,4,3,2,9,Mid-Value
SJ-20500,254,5,1318.776,Shirley Jackson,Consumer,1,2,2,5,Low-Value
SK-19990,9,3,883.409,Sally Knutson,Consumer,5,1,1,7,Mid-Value
SL-20155,71,7,3053.012,Sara Luxemburg,Home Office,3,3,4,10,High-Value
SM-20005,422,4,244.49399999999997,Sally Matthias,Consumer,1,1,1,3,Low-Value
SM-20320,80,5,25043.05,Sean Miller,Home Office,3,2,5,10,High-Value
SM-20905,607,1,1043.041,Susan MacKendrick,Consumer,1,1,2,4,Low-Value
SM-20950,26,12,5563.392,Suzanne McNair,Corporate,5,5,5,15,Top Customers
SN-20560,112,6,1860.418,Skye Norling,Home Office,2,3,3,8,Mid-Value
SN-20710,80,7,3127.9592,Steve Nguyen,Home Office,3,3,4,10,High-Value
SO-20335,30,6,2602.5755,Sean O'Donnell,Consumer,4,3,3,10,High-Value
SP-20545,328,6,1306.086,Sibella Parks,Corporate,1,3,2,6,Mid-Value
SP-20620,48,9,5440.319,Stefania Perrino,Corporate,4,5,5,14,Top Customers
SP-20650,387,9,1872.4360000000001,Stephanie Phelps,Corporate,1,5,3,9,Mid-Value
SP-20860,80,10,4282.94,Sung Pak,Corporate,3,5,5,13,Top Customers
SP-20920,71,6,3990.689,Susan Pistek,Consumer,3,3,4,10,High-Value
SR-20425,9,5,3233.481,Sharelle Roach,Home Office,5,2,4,11,High-Value
SR-20740,197,8,4345.8859999999995,Steven Roelle,Home Office,2,4,5,11,High-Value
SS-20140,16,8,1324.028,Saphhira Shifley,Corporate,5,4,2,11,High-Value
SS-20410,111,6,3056.8070000000002,Shahid Shariari,Consumer,2,3,4,9,Mid-Value
SS-20515,492,3,613.4,Shirley Schmidt,Home Office,1,1,1,3,Low-Value
SS-20590,433,6,418.49,Sonia Sunley,Consumer,1,3,1,5,Low-Value
SS-20875,121,5,964.636,Sung Shariari,Consumer,2,2,2,6,Mid-Value
ST-20530,126,7,433.34000000000003,Shui Tom,Consumer,2,3,1,6,Mid-Value
SU-20665,21,7,2595.364,Stephanie Ulpright,Home Office,5,3,3,11,High-Value
SV-20365,102,10,11470.949999999999,Seth Vernon,Consumer,3,5,5,13,Top Customers
SV-20785,321,9,4105.305,Stewart Visinsky,Consumer,1,5,4,10,High-Value
SV-20815,77,4,1271.0900000000001,Stuart Van,Corporate,3,1,2,6,Mid-Value
SV-20935,3,8,1903.491,Susan Vittorini,Consumer,5,4,3,12,High-Value
SW-20245,82,7,1085.078,Scot Wooten,Consumer,3,3,2,8,Mid-Value
SW-20275,31,6,1966.65,Scott Williamson,Consumer,4,3,3,10,High-Value
SW-20350,163,3,1019.044,Sean Wendt,Home Office,2,1,2,5,Low-Value
SW-20455,163,7,2921.544,Shaun Weien,Consumer,2,3,4,9,Mid-Value
SW-20755,535,2,758.6959999999999,Steven Ward,Corporate,1,1,1,3,Low-Value
SZ-20035,36,11,3625.329,Sam Zeldin,Home Office,4,5,4,13,Top Customers
TA-21385,70,4,14595.62,Tom Ashbrook,Home Office,3,1,5,9,Mid-Value
TB-21055,120,5,1467.881,Ted Butterfield,Consumer,2,2,2,6,Mid-Value
TB-21175,59,4,3589.296,Thomas Boland,Corporate,3,1,4,8,Mid-Value
TB-21190,50,4,816.1740000000001,Thomas Brumley,Home Office,4,1,1,6,Mid-Value
TB-21250,350,7,1602.376,Tim Brockman,Consumer,1,3,2,6,Mid-Value
TB-21280,584,6,2198.45,Toby Braunhardt,Consumer,1,3,3,7,Mid-Value
TB-21355,147,5,834.328,Todd Boyes,Corporate,2,2,1,5,Low-Value
TB-21400,203,7,9133.99,Tom Boeckenhauer,Consumer,2,3,5,10,High-Value
TB-21520,108,9,4737.486,Tracy Blumstein,Consumer,2,5,5,12,High-Value
TB-21595,286,5,1387.559,Troy Blackwell,Consumer,1,2,2,5,Low-Value
TB-21625,31,9,2797.668,Trudy Brown,Consumer,4,5,4,13,Top Customers
TC-20980,400,5,19052.218,Tamara Chand,Corporate,1,2,5,8,Mid-Value
TC-21145,107,1,1038.26,Theresa Coyne,Corporate,2,1,2,5,Low-Value
TC-21295,28,8,4266.812,Toby Carlisle,Consumer,4,4,4,12,High-Value
TC-21475,154,9,1244.976,Tony Chapman,Home Office,2,5,2,9,Mid-Value
TC-21535,5,7,742.5580000000001,Tracy Collins,Home Office,5,3,1,9,Mid-Value
TD-20995,38,9,1434.5480000000002,Tamara Dahlen,Consumer,4,5,2,11,High-Value
TG-21310,338,5,3058.372,Toby Gnade,Consumer,1,2,4,7,Mid-Value
TG-21640,115,4,2074.661,Trudy Glocke,Consumer,2,1,3,6,Mid-Value
TH-21100,345,5,2422.824,Thea Hendricks,Consumer,1,2,3,6,Mid-Value
TH-21115,59,4,2942.772,Thea Hudgings,Corporate,3,1,4,8,Mid-Value
TH-21235,118,8,1022.201,Tiffany House,Corporate,2,4,2,8,Mid-Value
TH-21550,73,7,4234.0960000000005,Tracy Hopkins,Home Office,3,3,4,10,High-Value
TM-21010,104,8,2955.2259999999997,Tamara Manning,Consumer,3,4,4,11,High-Value
TM-21490,131,3,1094.6779999999999,Tony Molinari,Consumer,2,1,2,5,Low-Value
TN-21040,91,7,3130.221,Tanja Norvell,Home Office,3,3,4,10,High-Value
TP-21130,9,9,4454.0560000000005,Theone Pippenger,Consumer,5,5,5,15,Top Customers
TP-21415,105,5,5329.0048,Tom Prescott,Consumer,2,2,5,9,Mid-Value
TP-21565,351,4,1936.6399999999999,Tracy Poddar,Corporate,1,1,3,5,Low-Value
TR-21325,194,5,675.9419999999999,Toby Ritter,Consumer,2,2,1,5,Low-Value
TS-21085,358,2,4.833,Thais Sissman,Consumer,1,1,1,3,Low-Value
TS-21160,505,6,2163.6240000000003,Theresa Swint,Corporate,1,3,3,7,Mid-Value
TS-21205,199,7,5371.09,Thomas Seio,Corporate,2,3,5,10,High-Value
TS-21340,227,5,974.7819999999999,Toby Swindell,Consumer,1,2,2,5,Low-Value
TS-21370,37,6,11891.751,Todd Sumrall,Corporate,4,3,5,12,High-Value
TS-21430,173,5,2054.14,Tom Stivers,Corporate,2,2,3,7,Mid-Value
TS-21505,12,6,2243.274,Tony Sayre,Consumer,5,3,3,11,High-Value
TS-21610,56,7,2820.424,Troy Staebel,Consumer,3,3,4,10,High-Value
TS-21655,239,5,3368.094,Trudy Schmidt,Consumer,1,2,4,7,Mid-Value
TT-21070,32,7,4915.602,Ted Trevino,Consumer,4,3,5,12,High-Value
TT-21220,184,8,1427.0439999999999,Thomas Thornton,Consumer,2,4,2,8,Mid-Value
TT-21265,407,3,439.5,Tim Taslimi,Corporate,1,1,1,3,Low-Value
TT-21460,13,7,5364.808,Tonja Turnell,Home Office,5,3,5,13,Top Customers
TW-21025,65,7,5278.826,Tamara Willingham,Home Office,3,3,5,11,High-Value
TZ-21580,36,4,1707.286,Tracy Zic,Consumer,4,1,2,7,Mid-Value
VB-21745,55,6,2005.596,Victoria Brennan,Corporate,3,3,3,9,Mid-Value
VD-21670,582,6,6442.254,Valerie Dominguez,Consumer,1,3,5,9,Mid-Value
VF-21715,14,5,847.944,Vicky Freymann,Home Office,5,2,1,8,Mid-Value
VG-21790,155,6,846.01,Vivek Gonzalez,Consumer,2,3,1,6,Mid-Value
VG-21805,287,5,427.372,Vivek Grady,Corporate,1,2,1,4,Low-Value
VM-21685,55,7,2454.866,Valerie Mitchum,Home Office,3,3,3,9,Mid-Value
VM-21835,118,5,380.69,Vivian Mathis,Consumer,2,2,1,5,Low-Value
VP-21730,31,3,993.9019999999999,Victor Preis,Home Office,4,1,2,7,Mid-Value
VP-21760,76,7,3360.526,Victoria Pisteka,Corporate,3,3,4,10,High-Value
VS-21820,222,4,1055.981,Vivek Sundaresam,Consumer,2,1,2,5,Low-Value
VT-21700,1001,2,1736.596,Valerie Takahito,Home Office,1,1,2,4,Low-Value
VW-21775,29,10,6134.0380000000005,Victoria Wilson,Corporate,4,5,5,14,Top Customers
WB-21850,21,11,6160.102,William Brown,Consumer,5,5,5,15,Top Customers
XP-21865,44,11,2374.658,Xylona Preis,Consumer,4,5,3,12,High-Value
YC-21895,5,5,5454.35,Yoseph Carroll,Corporate,5,2,5,12,High-Value
YS-21880,10,8,6720.4439999999995,Yana Sorensen,Corporate,5,4,5,14,Top Customers
ZC-21910,55,13,8025.707,Zuschuss Carroll,Consumer,3,5,5,13,Top Customers
ZD-21925,203,5,1493.944,Zuschuss Donatelli,Consumer,2,2,2,6,Mid-Value
